index,Activos Sin Vencido,Clientes Z,Clientes Generados,Nunca +15,Nunca 0-15,Quebrantados,Saldados +15,Saldados 0-15,Sin Datos,Vencidos +4,Vencidos 1,Vencidos 2,Vencidos 3,Total General,Total Clientes
Activos Sin Vencido,,,,,,,,,,,,,,,
ene-16,232,0,0,0,0,0,0,13,0,0,23,0,0,269," 8,508,650 "
feb-16,215,0,0,0,0,0,0,18,0,0,24,12,0,269," 8,198,018 "
mar-16,202,0,0,0,0,1,0,21,0,0,23,14,8,269," 7,944,814 "
abr-16,194,0,0,0,0,1,0,24,0,6,22,13,10,269," 7,832,823 "
may-16,186,0,0,0,0,1,0,27,0,13,21,12,9,269," 7,713,975 "
jun-16,179,0,0,0,0,1,0,29,0,18,21,12,9,269," 7,547,303 "
jul-16,173,0,0,0,0,2,0,30,0,23,20,12,9,269," 7,445,332 "
ago-16,168,0,0,0,0,2,0,32,0,27,19,11,8,269," 7,343,988 "
sep-16,162,0,0,0,0,3,0,34,0,31,20,11,9,269," 7,107,284 "
oct-16,158,0,0,0,0,3,0,35,0,34,19,11,8,269," 6,981,061 "
nov-16,155,0,0,0,0,4,0,36,0,36,18,11,8,269," 6,947,893 "
dic-16,160,0,0,0,0,6,0,36,0,37,14,9,7,269," 7,233,726 "
ene-17,207,0,0,0,0,0,0,14,0,0,21,0,0,242," 8,242,156 "
feb-17,192,0,0,0,0,0,0,18,0,0,22,10,0,242," 7,979,544 "
mar-17,181,0,0,0,0,0,0,21,0,0,20,12,7,242," 7,755,381 "
abr-17,174,0,0,0,0,0,0,23,0,5,19,11,8,242," 7,700,439 "
may-17,168,0,0,0,0,1,0,26,0,11,18,10,8,242," 7,596,024 "
jun-17,162,0,0,0,0,1,0,28,0,15,18,10,7,242," 7,446,246 "
jul-17,157,0,0,0,0,1,0,29,0,19,17,10,7,242," 7,366,996 "
ago-17,152,0,0,0,0,1,0,30,0,23,17,10,7,242," 7,262,837 "
sep-17,146,0,0,0,0,2,0,32,0,26,18,10,8,242," 7,033,125 "
oct-17,143,0,0,0,0,2,0,32,0,29,17,10,8,242," 6,949,053 "
nov-17,142,0,0,0,0,3,0,32,0,31,16,10,8,242," 6,955,158 "
dic-17,147,0,0,0,0,4,0,32,0,32,12,8,7,242," 7,273,941 "
ene-18,194,0,0,0,0,0,0,13,0,0,19,0,0,225," 8,150,542 "
feb-18,181,0,0,0,0,0,0,17,0,0,19,9,0,225," 7,921,146 "
mar-18,171,0,0,0,0,0,0,19,0,0,18,10,6,225," 7,765,267 "
abr-18,165,0,0,0,0,0,0,22,0,4,17,10,7,225," 7,661,182 "
may-18,159,0,0,0,0,1,0,24,0,9,16,9,7,225," 7,576,714 "
jun-18,154,0,0,0,0,1,0,26,0,13,16,9,6,225," 7,464,364 "
jul-18,150,0,0,0,0,1,0,27,0,17,15,9,6,225," 7,413,178 "
ago-18,146,0,0,0,0,2,0,28,0,20,15,8,6,225," 7,349,887 "
sep-18,142,0,0,0,0,2,0,29,0,22,16,9,6,225," 7,158,966 "
oct-18,138,0,0,0,0,3,0,30,0,24,15,9,6,225," 7,031,486 "
nov-18,137,0,0,0,0,3,0,30,0,26,14,8,6,225," 7,062,439 "
dic-18,141,0,0,0,0,5,0,30,0,27,11,7,5,225," 7,355,182 "
ene-19,189,0,0,0,0,0,0,13,0,0,18,0,0,220," 8,476,412 "
feb-19,176,0,0,0,0,0,0,16,0,0,19,8,0,220," 8,181,301 "
mar-19,166,0,0,0,0,0,0,19,0,0,18,11,6,220," 7,937,861 "
abr-19,160,0,0,0,0,0,0,21,0,5,17,10,8,220," 7,856,024 "
may-19,155,0,0,0,0,0,0,23,0,10,16,9,7,220," 7,795,574 "
jun-19,151,0,0,0,0,1,0,24,0,14,15,8,6,220," 7,721,224 "
jul-19,146,0,0,0,0,1,0,26,0,17,15,8,6,220," 7,599,464 "
ago-19,143,0,0,0,0,2,0,27,0,20,14,8,6,220," 7,539,285 "
sep-19,139,0,0,0,0,2,0,28,0,22,15,8,6,220," 7,362,753 "
oct-19,135,0,0,0,0,3,0,29,0,24,15,8,6,220," 7,197,044 "
nov-19,134,0,0,0,0,3,0,30,0,26,13,8,6,220," 7,252,920 "
dic-19,138,0,0,0,0,5,0,30,0,26,10,6,5,220," 7,522,153 "
ene-20,183,0,0,0,0,0,0,13,0,0,16,0,0,212," 8,761,932 "
feb-20,172,0,0,0,0,0,0,16,0,0,16,7,0,212," 8,508,268 "
mar-20,161,0,0,0,0,0,0,21,0,0,16,9,5,212," 8,079,737 "
abr-20,141,0,0,0,0,0,0,27,0,4,22,11,7,212," 7,113,722 "
may-20,130,0,0,0,0,0,0,33,0,10,20,13,8,212," 6,605,154 "
jun-20,131,0,0,0,0,0,0,35,0,10,17,12,7,212," 6,849,874 "
jul-20,130,0,0,0,0,1,0,38,0,10,15,11,7,212," 6,925,568 "
ago-20,127,0,0,0,0,1,0,39,0,14,13,9,8,212," 6,890,473 "
sep-20,124,0,0,0,0,1,0,40,0,19,13,8,7,212," 6,808,302 "
oct-20,121,0,0,0,0,2,0,41,0,22,12,7,6,212," 6,722,502 "
nov-20,122,0,0,0,0,2,0,41,0,24,11,7,5,212," 6,848,795 "
dic-20,125,0,0,0,0,2,0,41,0,25,8,5,5,212," 7,107,256 "
Quebrantados,,,,,,,,,,,,,,,
ene-16,0,0,0,0,0,55,0,0,0,0,0,0,0,55," 1,891,009 "
feb-16,0,0,0,0,0,55,0,0,0,0,0,0,0,55," 1,888,346 "
mar-16,0,0,0,0,0,54,0,0,0,0,0,0,0,55," 1,918,053 "
abr-16,0,0,0,0,0,54,0,0,0,0,0,0,0,55," 1,947,214 "
may-16,0,0,0,0,0,54,0,0,0,0,0,0,0,55," 1,973,630 "
jun-16,0,0,0,0,0,54,0,0,0,0,0,0,0,55," 2,016,549 "
jul-16,0,0,0,0,0,54,0,0,0,0,0,0,0,55," 2,043,093 "
ago-16,0,0,0,0,0,54,0,0,0,0,0,0,0,55," 2,072,283 "
sep-16,0,0,0,0,0,54,0,0,0,0,0,0,0,55," 2,101,881 "
oct-16,0,0,0,0,0,54,0,0,0,0,0,0,0,55," 2,131,096 "
nov-16,0,0,0,0,0,54,0,0,0,0,0,0,0,55," 2,159,301 "
dic-16,0,0,0,0,0,54,0,0,0,0,0,0,0,55," 2,242,584 "
ene-17,0,0,0,0,0,66,0,0,0,0,0,0,0,66," 2,342,833 "
feb-17,0,0,0,0,0,66,0,0,0,0,0,0,0,66," 2,339,509 "
mar-17,0,0,0,0,0,65,0,0,0,0,0,0,0,66," 2,371,224 "
abr-17,0,0,0,0,0,65,0,0,0,0,0,0,0,66," 2,406,633 "
may-17,0,0,0,0,0,65,0,0,0,0,0,0,0,66," 2,435,002 "
jun-17,0,0,0,0,0,65,0,0,0,0,0,0,0,66," 2,460,536 "
jul-17,0,0,0,0,0,65,0,0,0,0,0,0,0,66," 2,484,189 "
ago-17,0,0,0,0,0,65,0,0,0,0,0,0,0,66," 2,511,998 "
sep-17,0,0,0,0,0,65,0,0,0,0,0,0,0,66," 2,539,873 "
oct-17,0,0,0,0,0,65,0,0,0,0,0,0,0,66," 2,567,926 "
nov-17,0,0,0,0,0,65,0,0,0,0,0,0,0,66," 2,593,927 "
dic-17,0,0,0,0,0,65,0,0,0,0,0,0,0,66," 2,668,810 "
ene-18,0,0,0,0,0,73,0,0,0,0,0,0,0,73," 2,756,098 "
feb-18,0,0,0,0,0,73,0,0,0,0,0,0,0,73," 2,752,633 "
mar-18,0,0,0,0,0,73,0,0,0,0,0,0,0,73," 2,788,066 "
abr-18,0,0,0,0,0,73,0,0,0,0,0,0,0,73," 2,828,301 "
may-18,0,0,0,0,0,73,0,0,0,0,0,0,0,73," 2,858,682 "
jun-18,0,0,0,0,0,73,0,0,0,0,0,0,0,73," 2,884,662 "
jul-18,0,0,0,0,0,73,0,0,0,0,0,0,0,73," 2,908,723 "
ago-18,0,0,0,0,0,72,0,0,0,0,0,0,0,73," 2,937,645 "
sep-18,0,0,0,0,0,72,0,0,0,0,0,0,0,73," 2,967,869 "
oct-18,0,0,0,0,0,72,0,0,0,0,0,0,0,73," 2,997,803 "
nov-18,0,0,0,0,0,72,0,0,0,0,0,0,0,73," 3,025,373 "
dic-18,0,0,0,0,0,72,0,0,0,0,0,0,0,73," 3,110,483 "
ene-19,0,0,0,0,0,80,0,0,0,0,0,0,0,80," 3,224,782 "
feb-19,0,0,0,0,0,80,0,0,0,0,0,0,0,80," 3,221,010 "
mar-19,0,0,0,0,0,80,0,0,0,0,0,0,0,80," 3,272,790 "
abr-19,0,0,0,0,0,80,0,0,0,0,0,0,0,80," 3,268,725 "
may-19,0,0,0,0,0,80,0,0,0,0,0,0,0,80," 3,305,179 "
jun-19,0,0,0,0,0,79,0,0,0,0,0,0,0,80," 3,337,993 "
jul-19,0,0,0,0,0,79,0,0,0,0,0,0,0,80," 3,408,218 "
ago-19,0,0,0,0,0,79,0,0,0,0,0,0,0,80," 3,440,845 "
sep-19,0,0,0,0,0,79,0,0,0,0,0,0,0,80," 3,475,099 "
oct-19,0,0,0,0,0,79,0,0,0,0,0,0,0,80," 3,506,827 "
nov-19,0,0,0,0,0,79,0,0,0,0,0,0,0,80," 3,538,141 "
dic-19,0,0,0,0,0,79,0,0,0,0,0,0,0,80," 3,617,129 "
ene-20,0,0,0,0,0,86,0,0,0,0,0,0,0,86," 3,727,742 "
feb-20,0,0,0,0,0,86,0,0,0,0,0,0,0,86," 3,723,539 "
mar-20,0,0,0,0,0,86,0,0,0,0,0,0,0,86," 3,763,157 "
abr-20,0,0,0,0,0,86,0,0,0,0,0,0,0,86," 3,760,081 "
may-20,0,0,0,0,0,86,0,0,0,0,0,0,0,86," 3,780,546 "
jun-20,0,0,0,0,0,85,0,0,0,0,0,0,0,86," 3,803,100 "
jul-20,0,0,0,0,0,85,0,0,0,0,0,0,0,86," 3,820,237 "
ago-20,0,0,0,0,0,85,0,0,0,0,0,0,0,86," 3,839,028 "
sep-20,0,0,0,0,0,85,0,0,0,0,0,0,0,86," 3,867,444 "
oct-20,0,0,0,0,0,85,0,0,0,0,0,0,0,86," 3,899,000 "
nov-20,0,0,0,0,0,85,0,0,0,0,0,0,0,86," 3,922,989 "
dic-20,0,0,0,0,0,85,0,0,0,0,0,0,0,86," 3,931,331 "
Clientes Z,,,,,,,,,,,,,,,
ene-16,0,339,0,0,0,0,0,0,0,0,0,0,0,341," 11,327,162 "
feb-16,0,339,0,0,0,0,0,0,0,0,0,0,0,341," 11,455,108 "
mar-16,0,339,0,0,0,0,0,1,0,0,0,0,0,341," 11,566,481 "
abr-16,0,339,0,0,0,0,0,1,0,0,0,0,0,341," 11,680,818 "
may-16,1,339,0,0,0,0,0,1,0,0,0,0,0,341," 11,810,566 "
jun-16,1,338,0,0,0,0,0,1,0,0,0,0,0,341," 12,049,244 "
jul-16,1,337,0,0,0,0,1,1,0,0,0,0,0,341," 12,149,686 "
ago-16,1,337,0,0,0,0,1,1,0,0,0,0,0,341," 12,251,540 "
sep-16,1,337,0,0,0,1,1,1,0,0,0,0,0,341," 12,354,343 "
oct-16,1,337,0,0,0,1,1,1,0,0,0,0,0,341," 12,463,319 "
nov-16,1,336,0,0,0,1,1,1,0,0,0,0,0,341," 12,589,049 "
dic-16,2,336,0,0,0,1,1,1,0,0,0,0,0,341," 12,663,374 "
ene-17,0,354,0,0,0,0,0,0,0,0,0,0,0,355," 12,728,527 "
feb-17,0,354,0,0,0,0,0,0,0,0,0,0,0,355," 12,847,426 "
mar-17,0,354,0,0,0,0,0,0,0,0,0,0,0,355," 12,979,915 "
abr-17,0,353,0,0,0,0,0,1,0,0,0,0,0,355," 13,125,417 "
may-17,0,353,0,0,0,0,0,1,0,0,0,0,0,355," 13,262,839 "
jun-17,1,353,0,0,0,0,0,1,0,0,0,0,0,355," 13,402,542 "
jul-17,1,353,0,0,0,0,0,1,0,0,0,0,0,355," 13,553,772 "
ago-17,1,352,0,0,0,0,0,1,0,0,0,0,0,355," 13,834,905 "
sep-17,1,352,0,0,0,0,0,1,0,0,0,0,0,355," 13,985,174 "
oct-17,1,352,0,0,0,0,0,1,0,0,0,0,0,355," 14,118,999 "
nov-17,1,352,0,0,0,0,0,1,0,0,0,0,0,355," 14,265,283 "
dic-17,1,351,0,0,0,0,0,1,0,0,0,0,0,355," 14,425,988 "
ene-18,0,382,0,0,0,0,0,0,0,0,0,0,0,382," 14,576,282 "
feb-18,0,382,0,0,0,0,0,0,0,0,0,0,0,382," 14,705,150 "
mar-18,0,381,0,0,0,0,0,1,0,0,0,0,0,382," 14,842,970 "
abr-18,0,381,0,0,0,0,0,1,0,0,0,0,0,382," 14,981,218 "
may-18,1,380,0,0,0,0,0,1,0,0,0,0,0,382," 15,103,586 "
jun-18,1,380,0,0,0,0,0,1,0,0,0,0,0,382," 15,223,046 "
jul-18,1,380,0,0,0,0,0,1,0,0,0,0,0,382," 15,355,724 "
ago-18,1,380,0,0,0,0,0,1,0,0,0,0,0,382," 15,592,445 "
sep-18,1,379,0,0,0,0,0,1,0,0,0,0,0,382," 15,717,017 "
oct-18,1,379,0,0,0,0,0,1,0,0,0,0,0,382," 15,829,745 "
nov-18,1,379,0,0,0,0,0,1,0,0,0,0,0,382," 15,944,533 "
dic-18,1,378,0,0,0,0,0,2,0,0,0,0,0,382," 16,076,116 "
ene-19,0,399,0,0,0,0,0,0,0,0,0,0,0,399," 16,196,454 "
feb-19,0,398,0,0,0,0,0,0,0,0,0,0,0,399," 16,301,091 "
mar-19,0,398,0,0,0,0,0,1,0,0,0,0,0,399," 16,411,226 "
abr-19,0,398,0,0,0,0,0,1,0,0,0,0,0,399," 16,523,926 "
may-19,0,397,0,0,0,0,0,1,0,0,0,0,0,399," 16,627,782 "
jun-19,0,397,0,0,0,0,0,1,0,0,0,0,0,399," 16,730,371 "
jul-19,1,397,0,0,0,0,0,1,0,0,0,0,0,399," 16,836,544 "
ago-19,1,396,0,0,0,0,0,1,0,0,0,0,0,399," 17,041,598 "
sep-19,1,396,0,0,0,0,0,1,0,0,0,0,0,399," 17,156,218 "
oct-19,1,396,0,0,0,0,0,1,0,0,0,0,0,399," 17,260,139 "
nov-19,1,396,0,0,0,0,0,2,0,0,0,0,0,399," 17,377,602 "
dic-19,1,395,0,0,0,0,0,2,0,0,0,0,0,399," 17,503,969 "
ene-20,0,406,0,0,0,0,0,0,0,0,0,0,0,406," 17,631,124 "
feb-20,0,405,0,0,0,0,0,0,0,0,0,0,0,406," 17,750,586 "
mar-20,0,405,0,0,0,0,0,1,0,0,0,0,0,406," 17,878,459 "
abr-20,0,405,0,0,0,0,0,1,0,0,0,0,0,406," 18,019,048 "
may-20,0,405,0,0,0,0,0,1,0,0,0,0,0,406," 18,146,267 "
jun-20,0,405,0,0,0,0,0,1,0,0,0,0,0,406," 18,264,640 "
jul-20,0,404,0,0,0,0,0,1,0,0,0,0,0,406," 18,394,875 "
ago-20,1,404,0,0,0,0,0,1,0,0,0,0,0,406," 18,619,387 "
sep-20,1,404,0,0,0,0,0,1,0,0,0,0,0,406," 18,748,692 "
oct-20,1,404,0,0,0,0,0,1,0,0,0,0,0,406," 18,854,234 "
nov-20,1,403,0,0,0,0,0,1,0,0,0,0,0,406," 18,975,411 "
dic-20,1,403,0,0,0,0,0,1,0,0,0,0,0,406," 19,109,522 "
Clientes Generados,,,,,,,,,,,,,,,
ene-16,,,9,,,,,,,,,,,9," 279,593 "
feb-16,,,16,,,,,,,,,,,16," 517,506 "
mar-16,,,24,,,,,,,,,,,24," 777,367 "
abr-16,,,31,,,,,,,,,,,31," 1,010,714 "
may-16,,,35,,,,,,,,,,,35," 1,160,263 "
jun-16,,,40,,,,,,,,,,,40," 1,322,681 "
jul-16,,,45,,,,,,,,,,,45," 1,504,354 "
ago-16,,,51,,,,,,,,,,,51," 1,696,347 "
sep-16,,,56,,,,,,,,,,,56," 1,885,662 "
oct-16,,,62,,,,,,,,,,,62," 2,114,486 "
nov-16,,,70,,,,,,,,,,,70," 2,409,192 "
dic-16,,,77,,,,,,,,,,,77," 2,641,956 "
ene-17,,,4,,,,,,,,,,,4," 146,113 "
feb-17,,,8,,,,,,,,,,,8," 273,254 "
mar-17,,,12,,,,,,,,,,,12," 427,861 "
abr-17,,,16,,,,,,,,,,,16," 577,999 "
may-17,,,21,,,,,,,,,,,21," 746,583 "
jun-17,,,26,,,,,,,,,,,26," 916,555 "
jul-17,,,30,,,,,,,,,,,30," 1,090,685 "
ago-17,,,34,,,,,,,,,,,34," 1,232,358 "
sep-17,,,38,,,,,,,,,,,38," 1,373,730 "
oct-17,,,43,,,,,,,,,,,43," 1,547,237 "
nov-17,,,48,,,,,,,,,,,48," 1,755,656 "
dic-17,,,54,,,,,,,,,,,54," 1,971,261 "
ene-18,,,5,,,,,,,,,,,5," 172,348 "
feb-18,,,9,,,,,,,,,,,9," 352,204 "
mar-18,,,15,,,,,,,,,,,15," 564,776 "
abr-18,,,20,,,,,,,,,,,20," 754,880 "
may-18,,,25,,,,,,,,,,,25," 963,202 "
jun-18,,,31,,,,,,,,,,,31," 1,159,866 "
jul-18,,,36,,,,,,,,,,,36," 1,363,732 "
ago-18,,,41,,,,,,,,,,,41," 1,571,901 "
sep-18,,,47,,,,,,,,,,,47," 1,794,115 "
oct-18,,,52,,,,,,,,,,,52," 1,996,061 "
nov-18,,,57,,,,,,,,,,,57," 2,213,745 "
dic-18,,,63,,,,,,,,,,,63," 2,473,873 "
ene-19,,,5,,,,,,,,,,,5," 218,402 "
feb-19,,,10,,,,,,,,,,,10," 418,509 "
mar-19,,,16,,,,,,,,,,,16," 643,320 "
abr-19,,,22,,,,,,,,,,,22," 856,067 "
may-19,,,28,,,,,,,,,,,28," 1,093,453 "
jun-19,,,33,,,,,,,,,,,33," 1,315,687 "
jul-19,,,39,,,,,,,,,,,39," 1,542,326 "
ago-19,,,44,,,,,,,,,,,44," 1,776,028 "
sep-19,,,49,,,,,,,,,,,49," 1,992,351 "
oct-19,,,55,,,,,,,,,,,55," 2,224,932 "
nov-19,,,60,,,,,,,,,,,60," 2,480,079 "
dic-19,,,66,,,,,,,,,,,66," 2,740,994 "
ene-20,,,6,,,,,,,,,,,6," 209,651 "
feb-20,,,11,,,,,,,,,,,11," 415,138 "
mar-20,,,17,,,,,,,,,,,17," 653,302 "
abr-20,,,20,,,,,,,,,,,20," 730,554 "
may-20,,,22,,,,,,,,,,,22," 816,418 "
jun-20,,,25,,,,,,,,,,,25," 939,519 "
jul-20,,,29,,,,,,,,,,,29," 1,093,400 "
ago-20,,,34,,,,,,,,,,,34," 1,276,545 "
sep-20,,,39,,,,,,,,,,,39," 1,469,857 "
oct-20,,,44,,,,,,,,,,,44," 1,683,553 "
nov-20,,,51,,,,,,,,,,,51," 1,942,882 "
dic-20,,,58,,,,,,,,,,,58," 2,230,442 "
Nunca +15,,,,,,,,,,,,,,,
ene-16,0,0,0,46,0,0,0,0,0,0,0,0,0,46," 1,532,676 "
feb-16,1,0,0,45,0,0,0,0,0,0,0,0,0,46," 1,556,277 "
mar-16,1,0,0,45,0,0,0,0,0,0,0,0,0,46," 1,577,670 "
abr-16,1,0,0,45,0,0,0,0,0,0,0,0,0,46," 1,601,162 "
may-16,1,0,0,44,0,0,0,0,0,0,0,0,0,46," 1,622,401 "
jun-16,2,0,0,44,0,0,0,0,0,0,0,0,0,46," 1,635,921 "
jul-16,2,0,0,43,0,0,0,0,0,0,0,0,0,46," 1,659,910 "
ago-16,2,0,0,43,0,0,0,0,0,0,0,0,0,46," 1,677,313 "
sep-16,2,0,0,43,0,0,0,0,0,0,0,0,0,46," 1,697,596 "
oct-16,2,0,0,43,0,0,0,0,0,0,0,0,0,46," 1,717,064 "
nov-16,2,0,0,42,0,0,0,1,0,0,0,0,0,46," 1,731,886 "
dic-16,3,0,0,42,0,0,0,1,0,0,0,0,0,46," 1,740,446 "
ene-17,0,0,0,48,0,0,0,0,0,0,0,0,0,49," 1,760,172 "
feb-17,1,0,0,48,0,0,0,0,0,0,0,0,0,49," 1,781,523 "
mar-17,1,0,0,48,0,0,0,0,0,0,0,0,0,49," 1,801,509 "
abr-17,1,0,0,47,0,0,0,0,0,0,0,0,0,49," 1,822,441 "
may-17,1,0,0,47,0,0,0,0,0,0,0,0,0,49," 1,841,122 "
jun-17,1,0,0,47,0,0,0,0,0,0,0,0,0,49," 1,856,136 "
jul-17,2,0,0,46,0,0,0,0,0,0,0,0,0,49," 1,871,734 "
ago-17,2,0,0,46,0,0,0,0,0,0,0,0,0,49," 1,883,375 "
sep-17,2,0,0,46,0,0,0,1,0,0,0,0,0,49," 1,884,318 "
oct-17,2,0,0,45,0,0,0,1,0,0,0,0,0,49," 1,885,280 "
nov-17,2,0,0,45,0,0,0,1,0,0,0,0,0,49," 1,884,047 "
dic-17,2,0,0,45,0,0,0,1,0,0,0,0,0,49," 1,878,035 "
ene-18,0,0,0,49,0,0,0,0,0,0,0,0,0,50," 1,882,256 "
feb-18,1,0,0,49,0,0,0,0,0,0,0,0,0,50," 1,893,128 "
mar-18,1,0,0,49,0,0,0,0,0,0,0,0,0,50," 1,924,974 "
abr-18,1,0,0,48,0,0,0,0,0,0,0,0,0,50," 1,949,129 "
may-18,1,0,0,48,0,0,0,0,0,0,0,0,0,50," 1,950,525 "
jun-18,2,0,0,48,0,0,0,0,0,0,0,0,0,50," 1,950,035 "
jul-18,2,0,0,47,0,0,0,0,0,0,0,0,0,50," 1,950,022 "
ago-18,2,0,0,47,0,0,0,0,0,0,0,0,0,50," 1,946,139 "
sep-18,2,0,0,47,0,0,0,1,0,0,0,0,0,50," 1,941,744 "
oct-18,2,0,0,46,0,0,0,1,0,0,0,0,0,50," 1,936,018 "
nov-18,2,0,0,46,0,0,0,1,0,0,0,0,0,50," 1,924,920 "
dic-18,3,0,0,45,0,0,0,1,0,0,0,0,0,50," 1,908,064 "
ene-19,0,0,0,47,0,0,0,0,0,0,0,0,0,47," 1,899,494 "
feb-19,1,0,0,46,0,0,0,0,0,0,0,0,0,47," 1,894,176 "
mar-19,1,0,0,46,0,0,0,0,0,0,0,0,0,47," 1,887,980 "
abr-19,1,0,0,46,0,0,0,0,0,0,0,0,0,47," 1,882,761 "
may-19,1,0,0,46,0,0,0,0,0,0,0,0,0,47," 1,876,503 "
jun-19,1,0,0,45,0,0,0,0,0,0,0,0,0,47," 1,871,314 "
jul-19,1,0,0,45,0,0,0,0,0,0,0,0,0,47," 1,867,499 "
ago-19,1,0,0,45,0,0,0,0,0,0,0,0,0,47," 1,863,881 "
sep-19,2,0,0,44,0,0,0,0,0,0,0,0,0,47," 1,862,673 "
oct-19,2,0,0,44,0,0,0,1,0,0,0,0,0,47," 1,862,580 "
nov-19,2,0,0,44,0,0,0,1,0,0,0,0,0,47," 1,858,959 "
dic-19,2,0,0,44,0,0,0,1,0,0,0,0,0,47," 1,851,815 "
ene-20,0,0,,43,0,0,0,0,0,0,0,0,0,43," 1,851,938 "
feb-20,0,0,,43,0,0,0,0,0,0,0,0,0,43," 1,853,706 "
mar-20,0,0,,42,0,0,0,0,0,0,0,0,0,43," 1,855,854 "
abr-20,0,0,,42,0,0,0,0,0,0,0,0,0,43," 1,865,882 "
may-20,0,0,,42,0,0,0,0,0,0,0,0,0,43," 1,878,804 "
jun-20,1,0,,42,0,0,0,0,0,0,0,0,0,43," 1,889,658 "
jul-20,1,0,,42,0,0,0,0,0,0,0,0,0,43," 1,902,713 "
ago-20,1,0,,42,0,0,0,0,0,0,0,0,0,43," 1,951,324 "
sep-20,1,0,,42,0,0,0,0,0,0,0,0,0,43," 1,962,034 "
oct-20,1,0,,41,0,0,0,0,0,0,0,0,0,43," 1,969,668 "
nov-20,1,0,,41,0,0,0,0,0,0,0,0,0,43," 1,975,389 "
dic-20,1,0,,41,0,0,0,0,0,0,0,0,0,43," 1,979,883 "
Nunca 0-15,,,,,,,,,,,,,,,
ene-16,3,0,0,1,23,0,0,0,0,0,0,0,0,26," 747,940 "
feb-16,3,0,0,2,20,0,0,0,0,0,0,0,0,26," 669,061 "
mar-16,4,0,0,3,18,0,0,1,0,0,0,0,0,26," 597,689 "
abr-16,5,0,0,4,16,0,0,1,0,0,0,0,0,26," 531,083 "
may-16,5,0,0,5,14,0,0,1,0,0,0,0,0,26," 469,529 "
jun-16,5,0,0,6,13,0,0,1,0,0,0,0,0,26," 419,191 "
jul-16,6,0,0,7,11,0,0,1,0,0,0,0,0,26," 361,151 "
ago-16,6,0,0,8,10,0,0,2,0,1,1,0,0,26," 313,932 "
sep-16,6,0,0,9,8,0,0,2,0,1,1,0,0,26," 270,205 "
oct-16,6,0,0,10,7,0,0,2,0,1,1,0,0,26," 227,293 "
nov-16,6,0,0,10,6,0,0,2,0,1,1,0,0,26," 185,517 "
dic-16,6,0,0,11,4,0,0,2,0,1,0,0,0,26," 144,977 "
ene-17,179,0,0,92,1776,0,0,11,0,0,0,0,0,2057," 634,132 "
feb-17,263,0,0,185,1569,0,0,32,0,0,8,0,0,2057," 560,353 "
mar-17,314,0,0,276,1384,3,0,52,0,0,24,5,0,2057," 494,345 "
abr-17,360,0,0,370,1208,6,0,68,0,0,26,15,4,2057," 431,591 "
may-17,391,0,0,458,1051,8,0,84,0,3,31,17,13,2057," 375,517 "
jun-17,406,0,0,533,921,10,0,98,0,15,38,21,15,2057," 329,060 "
jul-17,422,0,0,610,791,12,0,111,0,28,40,25,18,2057," 282,700 "
ago-17,433,0,0,676,681,15,0,122,0,42,42,26,20,2057," 243,371 "
sep-17,429,0,0,707,614,17,0,135,0,59,48,28,22,2057," 219,237 "
oct-17,435,0,0,739,543,20,0,145,0,75,46,31,23,2057," 194,042 "
nov-17,450,0,0,771,469,23,0,154,0,91,44,30,25,2057," 167,619 "
dic-17,479,0,0,799,393,30,0,165,0,105,38,25,23,2057," 140,324 "
ene-18,1,0,0,1,7,0,0,0,0,0,0,0,0,9," 280,927 "
feb-18,1,0,0,1,6,0,0,0,0,0,0,0,0,9," 244,852 "
mar-18,1,0,0,2,5,0,0,0,0,0,0,0,0,9," 186,074 "
abr-18,1,0,0,3,4,0,0,0,0,0,0,0,0,9," 137,201 "
may-18,1,0,0,4,3,0,0,0,0,0,0,0,0,9," 112,517 "
jun-18,1,0,0,4,2,0,0,0,0,0,0,0,0,9," 93,124 "
jul-18,1,0,0,4,2,0,0,0,0,0,0,0,0,9," 74,190 "
ago-18,1,0,0,5,2,0,0,0,0,0,0,0,0,9," 59,598 "
sep-18,1,0,0,5,1,0,0,0,0,0,0,0,0,9," 47,576 "
oct-18,1,0,0,5,1,0,0,1,0,0,0,0,0,9," 37,458 "
nov-18,1,0,0,5,1,0,0,1,0,0,0,0,0,9," 28,794 "
dic-18,2,0,0,5,1,0,0,1,0,0,0,0,0,9," 22,162 "
ene-19,1,0,0,0,5,0,0,0,0,0,0,0,0,6," 195,689 "
feb-19,1,0,0,0,5,0,0,0,0,0,0,0,0,6," 178,763 "
mar-19,1,0,0,0,4,0,0,0,0,0,0,0,0,6," 160,811 "
abr-19,1,0,0,1,4,0,0,0,0,0,0,0,0,6," 147,216 "
may-19,1,0,0,1,4,0,0,0,0,0,0,0,0,6," 133,801 "
jun-19,1,0,0,1,3,0,0,0,0,0,0,0,0,6," 121,663 "
jul-19,1,0,0,1,3,0,0,0,0,0,0,0,0,6," 108,168 "
ago-19,1,0,0,1,3,0,0,0,0,0,0,0,0,6," 95,162 "
sep-19,1,0,0,1,2,0,0,0,0,0,0,0,0,6," 82,423 "
oct-19,1,0,0,2,2,0,0,0,0,0,0,0,0,6," 69,852 "
nov-19,1,0,0,2,2,0,0,1,0,0,0,0,0,6," 57,108 "
dic-19,1,0,0,2,1,0,0,1,0,0,0,0,0,6," 44,835 "
ene-20,1,0,0,0,8,0,0,0,0,0,0,0,0,9," 352,892 "
feb-20,1,0,0,0,7,0,0,0,0,0,0,0,0,9," 328,133 "
mar-20,1,0,0,1,7,0,0,0,0,0,0,0,0,9," 305,904 "
abr-20,1,0,0,1,6,0,0,0,0,0,0,0,0,9," 288,536 "
may-20,1,0,0,1,6,0,0,0,0,0,0,0,0,9," 266,776 "
jun-20,1,0,0,2,5,0,0,0,0,0,0,0,0,9," 244,605 "
jul-20,1,0,0,2,5,0,0,0,0,0,0,0,0,9," 219,990 "
ago-20,1,0,0,3,3,0,0,0,0,0,0,0,0,9," 157,962 "
sep-20,1,0,0,4,3,0,0,0,0,0,0,0,0,9," 134,656 "
oct-20,1,0,0,4,3,0,0,0,0,0,0,0,0,9," 114,550 "
nov-20,1,0,0,4,2,0,0,1,0,0,0,0,0,9," 94,237 "
dic-20,1,0,0,5,2,0,0,1,0,0,0,0,0,9," 74,681 "
Saldados +15,,,,,,,,,,,,,,,
ene-16,1,0,0,0,0,0,69,0,0,0,0,0,0,70," 2,320,251 "
feb-16,1,0,0,0,0,0,68,0,0,0,0,0,0,70," 2,343,307 "
mar-16,2,0,0,0,0,0,67,0,0,0,0,0,0,70," 2,366,257 "
abr-16,2,0,0,0,0,0,67,1,0,0,0,0,0,70," 2,407,043 "
may-16,2,0,0,0,0,0,66,1,0,0,0,0,0,70," 2,432,658 "
jun-16,3,0,0,0,0,0,66,1,0,0,0,0,0,70," 2,449,591 "
jul-16,3,0,0,0,0,0,65,1,0,0,0,0,0,70," 2,480,595 "
ago-16,3,0,0,0,0,0,64,1,0,0,0,0,0,70," 2,499,805 "
sep-16,3,0,0,0,0,0,64,2,0,0,0,0,0,70," 2,531,836 "
oct-16,3,0,0,0,0,0,64,2,0,0,0,0,0,70," 2,555,013 "
nov-16,4,0,0,0,0,0,63,2,0,0,0,0,0,70," 2,576,552 "
dic-16,4,0,0,0,0,0,62,2,0,0,0,0,0,70," 2,586,753 "
ene-17,1,0,0,0,0,0,72,0,0,0,0,0,0,72," 2,610,220 "
feb-17,1,0,0,0,0,0,71,0,0,0,0,0,0,72," 2,638,767 "
mar-17,2,0,0,0,0,0,70,0,0,0,0,0,0,72," 2,665,600 "
abr-17,2,0,0,0,0,0,70,1,0,0,0,0,0,72," 2,709,969 "
may-17,2,0,0,0,0,0,69,1,0,0,0,0,0,72," 2,741,563 "
jun-17,3,0,0,0,0,0,68,1,0,0,0,0,0,72," 2,765,669 "
jul-17,3,0,0,0,0,0,68,1,0,0,0,0,0,72," 2,787,202 "
ago-17,3,0,0,0,0,0,67,2,0,0,0,0,0,72," 2,812,143 "
sep-17,3,0,0,0,0,0,67,2,0,0,0,0,0,72," 2,847,379 "
oct-17,3,0,0,0,0,0,66,2,0,0,0,0,0,72," 2,875,768 "
nov-17,4,0,0,0,0,0,66,2,0,0,0,0,0,72," 2,897,040 "
dic-17,4,0,0,0,0,0,65,2,0,0,0,0,0,72," 2,906,399 "
ene-18,1,0,0,0,0,0,76,0,0,0,0,0,0,77," 2,933,081 "
feb-18,1,0,0,0,0,0,75,0,0,0,0,0,0,77," 2,965,628 "
mar-18,2,0,0,0,0,0,75,1,0,0,0,0,0,77," 2,992,023 "
abr-18,2,0,0,0,0,0,74,1,0,0,0,0,0,77," 3,040,698 "
may-18,3,0,0,0,0,0,73,1,0,0,0,0,0,77," 3,070,137 "
jun-18,3,0,0,0,0,0,72,1,0,0,0,0,0,77," 3,088,978 "
jul-18,3,0,0,0,0,0,72,2,0,0,0,0,0,77," 3,106,875 "
ago-18,3,0,0,0,0,0,71,2,0,0,0,0,0,77," 3,122,958 "
sep-18,4,0,0,0,0,0,71,2,0,0,0,0,0,77," 3,151,879 "
oct-18,4,0,0,0,0,0,70,2,0,0,0,0,0,77," 3,176,461 "
nov-18,4,0,0,0,0,0,69,2,0,0,0,0,0,77," 3,194,210 "
dic-18,4,0,0,0,0,0,69,3,0,0,0,0,0,77," 3,197,190 "
ene-19,1,0,0,0,0,0,78,0,0,0,0,0,0,79," 3,217,074 "
feb-19,1,0,0,0,0,0,77,0,0,0,0,0,0,79," 3,244,964 "
mar-19,2,0,0,0,0,0,77,1,0,0,0,0,0,79," 3,268,245 "
abr-19,2,0,0,0,0,0,76,1,0,0,0,0,0,79," 3,313,982 "
may-19,3,0,0,0,0,0,75,1,0,0,0,0,0,79," 3,341,461 "
jun-19,3,0,0,0,0,0,74,1,0,0,0,0,0,79," 3,357,211 "
jul-19,3,0,0,0,0,0,74,2,0,0,0,0,0,79," 3,373,989 "
ago-19,3,0,0,0,0,0,73,2,0,0,0,0,0,79," 3,389,691 "
sep-19,4,0,0,0,0,0,72,2,0,0,0,0,0,79," 3,415,871 "
oct-19,4,0,0,0,0,0,72,2,0,0,0,0,0,79," 3,441,445 "
nov-19,4,0,0,0,0,0,71,2,0,0,0,0,0,79," 3,456,110 "
dic-19,4,0,0,0,0,0,70,3,0,0,0,0,0,79," 3,459,655 "
ene-20,1,0,0,0,0,0,79,0,0,0,0,0,0,80," 3,481,654 "
feb-20,1,0,0,0,0,0,78,0,0,0,0,0,0,80," 3,511,164 "
mar-20,1,0,0,0,0,0,78,1,0,0,0,0,0,80," 3,548,300 "
abr-20,1,0,0,0,0,0,78,1,0,0,0,0,0,80," 3,623,371 "
may-20,1,0,0,0,0,0,77,1,0,0,0,0,0,80," 3,682,265 "
jun-20,2,0,0,0,0,0,77,1,0,0,0,0,0,80," 3,722,502 "
jul-20,2,0,0,0,0,0,76,1,0,0,0,0,0,80," 3,767,010 "
ago-20,2,0,0,0,0,0,76,1,0,0,0,0,0,80," 3,802,174 "
sep-20,2,0,0,0,0,0,75,2,0,0,0,0,0,80," 3,853,160 "
oct-20,3,0,0,0,0,0,75,2,0,0,0,0,0,80," 3,904,251 "
nov-20,3,0,0,0,0,0,74,2,0,0,0,0,0,80," 3,943,167 "
dic-20,3,0,0,0,0,0,74,2,0,0,0,0,0,80," 3,975,775 "
Saldados 0-15,,,,,,,,,,,,,,,
ene-16,12,0,0,0,0,0,1,68,0,0,0,0,0,82," 2,784,947 "
feb-16,17,0,0,0,0,0,3,61,0,0,1,0,0,82," 2,806,663 "
mar-16,20,0,0,0,0,0,4,55,0,0,1,0,0,82," 2,778,408 "
abr-16,23,0,0,0,0,0,6,50,0,0,1,1,0,82," 2,752,513 "
may-16,25,0,0,0,0,0,7,46,0,0,2,1,0,82," 2,755,760 "
jun-16,26,0,0,0,0,1,8,43,0,0,2,1,0,82," 2,771,209 "
jul-16,27,0,0,0,0,1,10,40,0,1,2,1,1,82," 2,750,020 "
ago-16,27,0,0,0,0,1,11,37,0,1,2,1,1,82," 2,730,722 "
sep-16,27,0,0,0,0,1,12,35,0,2,3,1,1,82," 2,740,303 "
oct-16,27,0,0,0,0,1,13,33,0,2,3,1,1,82," 2,746,243 "
nov-16,27,0,0,0,0,1,14,31,0,3,3,1,1,82," 2,701,161 "
dic-16,28,0,0,0,0,1,15,30,0,3,2,1,1,82," 2,671,983 "
ene-17,11,0,0,0,0,0,1,69,0,0,0,0,0,82," 3,078,870 "
feb-17,16,0,0,0,0,0,3,63,0,0,1,0,0,82," 3,089,779 "
mar-17,19,0,0,0,0,0,4,57,0,0,1,0,0,82," 3,084,317 "
abr-17,22,0,0,0,0,0,6,52,0,0,1,1,0,82," 2,998,611 "
may-17,24,0,0,0,0,0,8,48,0,0,2,1,0,82," 2,994,510 "
jun-17,25,0,0,0,0,0,9,44,0,0,2,1,0,82," 2,992,870 "
jul-17,26,0,0,0,0,0,10,41,0,1,2,1,1,82," 2,955,231 "
ago-17,26,0,0,0,0,0,11,39,0,1,2,1,1,82," 2,907,393 "
sep-17,26,0,0,0,0,0,13,36,0,2,3,1,1,82," 2,901,020 "
oct-17,26,0,0,0,0,1,14,34,0,2,2,1,1,82," 2,862,414 "
nov-17,27,0,0,0,0,1,15,32,0,3,2,1,1,82," 2,783,033 "
dic-17,28,0,0,0,0,1,16,30,0,3,2,1,1,82," 2,730,913 "
ene-18,11,0,0,0,0,0,2,66,0,0,0,0,0,78," 3,108,168 "
feb-18,15,0,0,0,0,0,3,60,0,0,1,0,0,78," 3,107,645 "
mar-18,19,0,0,0,0,0,5,54,0,0,1,0,0,78," 3,046,852 "
abr-18,21,0,0,0,0,0,7,49,0,0,1,1,0,78," 3,004,968 "
may-18,22,0,0,0,0,0,8,45,0,0,1,1,0,78," 2,989,743 "
jun-18,23,0,0,0,0,0,9,42,0,0,2,1,0,78," 2,989,434 "
jul-18,25,0,0,0,0,0,10,40,0,1,2,1,0,78," 2,956,228 "
ago-18,25,0,0,0,0,0,11,37,0,1,2,1,1,78," 2,902,305 "
sep-18,25,0,0,0,0,0,13,35,0,1,2,1,1,78," 2,883,664 "
oct-18,25,0,0,0,0,1,14,33,0,2,2,1,1,78," 2,862,211 "
nov-18,26,0,0,0,0,1,15,31,0,2,2,1,1,78," 2,785,082 "
dic-18,27,0,0,0,0,1,16,29,0,2,2,1,1,78," 2,723,469 "
ene-19,10,0,0,0,0,0,1,62,0,0,0,0,0,74," 3,150,926 "
feb-19,14,0,0,0,0,0,3,57,0,0,0,0,0,74," 3,152,630 "
mar-19,17,0,0,0,0,0,4,52,0,0,1,0,0,74," 3,126,109 "
abr-19,19,0,0,0,0,0,6,47,0,0,1,0,0,74," 3,045,420 "
may-19,21,0,0,0,0,0,7,43,0,0,1,1,0,74," 3,046,536 "
jun-19,22,0,0,0,0,0,8,41,0,0,1,1,0,74," 3,038,834 "
jul-19,23,0,0,0,0,0,9,38,0,0,2,1,0,74," 3,053,180 "
ago-19,24,0,0,0,0,0,10,36,0,1,2,1,0,74," 3,001,789 "
sep-19,24,0,0,0,0,1,12,34,0,1,2,1,1,74," 2,993,629 "
oct-19,24,0,0,0,0,1,13,32,0,1,2,1,1,74," 2,986,125 "
nov-19,25,0,0,0,0,1,14,30,0,2,2,1,1,74," 2,918,583 "
dic-19,25,0,0,0,0,1,14,29,0,2,2,1,1,74," 2,896,987 "
ene-20,10,0,0,0,0,0,1,63,0,0,0,0,0,74," 3,400,605 "
feb-20,14,0,0,0,0,0,3,57,0,0,0,0,0,74," 3,408,558 "
mar-20,15,0,0,0,0,0,4,54,0,0,1,0,0,74," 3,540,176 "
abr-20,13,0,0,0,0,0,6,53,0,0,1,1,0,74," 3,810,671 "
may-20,13,0,0,0,0,0,8,51,0,0,1,1,0,74," 4,038,803 "
jun-20,15,0,0,0,0,0,9,48,0,0,1,1,0,74," 4,029,876 "
jul-20,16,0,0,0,0,0,10,45,0,0,1,1,0,74," 4,085,104 "
ago-20,18,0,0,0,0,0,12,42,0,0,1,1,0,74," 4,046,673 "
sep-20,18,0,0,0,0,0,13,39,0,1,1,1,0,74," 3,974,450 "
oct-20,19,0,0,0,0,0,15,36,0,1,1,1,0,74," 3,945,286 "
nov-20,20,0,0,0,0,0,16,34,0,1,1,1,0,74," 3,845,684 "
dic-20,20,1,0,0,0,0,18,32,0,1,1,1,0,74," 3,776,467 "
Vencidos +4,,,,,,,,,,,,,,,
ene-16,1,3,0,0,0,1,0,1,0,52,0,0,1,59," 1,932,379 "
feb-16,1,7,0,0,0,1,0,1,0,47,0,0,1,59," 1,958,938 "
mar-16,1,10,0,0,0,2,0,2,0,43,0,0,1,59," 1,991,765 "
abr-16,2,13,0,0,0,2,0,2,0,39,0,1,1,59," 2,065,615 "
may-16,2,16,0,0,0,2,0,2,0,34,1,1,1,59," 2,159,983 "
jun-16,2,22,0,0,0,2,0,3,0,28,1,1,1,59," 2,130,059 "
jul-16,3,26,0,0,0,2,0,3,0,24,1,1,1,59," 2,182,329 "
ago-16,3,28,0,0,0,2,0,3,0,21,1,1,1,59," 2,224,318 "
sep-16,3,31,0,0,0,3,0,3,0,18,1,1,1,59," 2,267,367 "
oct-16,3,34,0,0,0,3,0,3,0,15,1,1,1,59," 2,294,157 "
nov-16,3,37,0,0,0,3,0,3,0,12,1,1,1,59," 2,288,895 "
dic-16,4,39,0,0,0,3,0,3,0,10,1,0,0,59," 2,234,610 "
ene-17,1,2,0,0,0,0,0,1,0,63,0,0,1,68," 2,493,252 "
feb-17,1,5,0,0,0,0,0,1,0,59,0,0,1,68," 2,496,521 "
mar-17,1,9,0,0,0,0,0,2,0,54,0,0,1,68," 2,481,015 "
abr-17,2,13,0,0,0,1,0,2,0,48,0,1,1,68," 2,498,515 "
may-17,2,17,0,0,0,1,0,2,0,44,1,1,1,68," 2,545,399 "
jun-17,2,21,0,0,0,1,0,3,0,39,1,1,1,68," 2,562,677 "
jul-17,3,25,0,0,0,1,0,3,0,34,1,1,1,68," 2,558,347 "
ago-17,3,32,0,0,0,1,0,3,0,27,1,1,1,68," 2,424,764 "
sep-17,3,36,0,0,0,1,0,3,0,23,1,1,1,68," 2,409,510 "
oct-17,3,39,0,0,0,1,0,3,0,19,1,1,1,68," 2,404,114 "
nov-17,3,43,0,0,0,2,0,3,0,15,1,1,1,68," 2,382,514 "
dic-17,4,47,0,0,0,2,0,3,0,11,1,0,0,68," 2,258,391 "
ene-18,1,4,0,0,0,0,0,1,0,57,0,0,1,63," 2,353,799 "
feb-18,1,7,0,0,0,0,0,1,0,52,0,0,1,63," 2,325,808 "
mar-18,2,11,0,0,0,0,0,2,0,47,0,0,1,63," 2,274,811 "
abr-18,2,15,0,0,0,1,0,2,0,42,1,1,1,63," 2,259,143 "
may-18,2,18,0,0,0,1,0,3,0,37,1,1,1,63," 2,288,799 "
jun-18,3,21,0,0,0,1,0,3,0,33,1,1,1,63," 2,301,430 "
jul-18,3,25,0,0,0,1,0,3,0,29,1,1,1,63," 2,291,866 "
ago-18,3,31,0,0,0,1,0,3,0,23,1,1,1,63," 2,177,299 "
sep-18,3,34,0,0,0,1,0,3,0,20,1,1,1,63," 2,162,173 "
oct-18,3,37,0,0,0,1,0,3,0,17,1,1,1,63," 2,150,752 "
nov-18,4,39,0,0,0,1,0,3,0,14,1,1,1,63," 2,130,993 "
dic-18,4,43,0,0,0,2,0,3,0,10,1,0,0,63," 2,013,746 "
ene-19,1,3,0,0,0,0,0,1,0,50,0,0,0,55," 2,220,701 "
feb-19,1,6,0,0,0,0,0,1,0,46,0,0,1,55," 2,242,606 "
mar-19,1,9,0,0,0,1,0,2,0,42,0,0,0,55," 2,238,895 "
abr-19,2,12,0,0,0,1,0,2,0,38,0,0,0,55," 2,302,591 "
may-19,2,14,0,0,0,1,0,2,0,35,0,0,1,55," 2,378,105 "
jun-19,2,17,0,0,0,1,0,2,0,31,0,0,0,55," 2,413,423 "
jul-19,2,20,0,0,0,1,0,3,0,28,1,0,0,55," 2,396,565 "
ago-19,2,25,0,0,0,1,0,3,0,23,1,0,0,55," 2,297,434 "
sep-19,2,27,0,0,0,2,0,3,0,20,1,0,0,55," 2,294,394 "
oct-19,2,30,0,0,0,2,0,3,0,17,1,0,0,55," 2,290,208 "
nov-19,3,33,0,0,0,2,0,3,0,14,1,0,0,55," 2,253,314 "
dic-19,3,36,0,0,0,2,0,3,0,11,0,0,0,55," 2,131,611 "
ene-20,0,3,0,0,0,0,0,1,0,49,0,0,0,54," 2,336,484 "
feb-20,1,6,0,0,0,0,0,1,0,45,0,0,0,54," 2,338,233 "
mar-20,1,9,0,0,0,0,0,2,0,41,0,0,0,54," 2,317,967 "
abr-20,1,12,0,0,0,0,0,2,0,38,0,0,0,54," 2,386,396 "
may-20,1,15,0,0,0,1,0,2,0,34,0,0,0,54," 2,481,854 "
jun-20,1,18,0,0,0,1,0,3,0,31,0,0,0,54," 2,322,286 "
jul-20,2,21,0,0,0,1,0,3,0,27,0,0,0,54," 2,174,816 "
ago-20,2,26,0,0,0,1,0,3,0,22,0,0,0,54," 2,129,242 "
sep-20,2,29,0,0,0,1,0,3,0,19,0,0,0,54," 2,200,094 "
oct-20,2,31,0,0,0,1,0,3,0,16,0,0,0,54," 2,247,133 "
nov-20,2,33,0,0,0,1,0,3,0,13,0,0,0,54," 2,214,884 "
dic-20,3,36,0,0,0,1,0,3,0,10,0,0,0,54," 2,107,740 "
Vencidos 1,,,,,,,,,,,,,,,
ene-16,7,0,0,0,0,0,0,1,0,0,5,10,0,23," 976,588 "
feb-16,7,0,0,0,0,0,0,2,0,0,5,3,6,23," 1,045,747 "
mar-16,7,0,0,0,0,0,0,2,0,5,4,2,2,23," 1,037,251 "
abr-16,7,0,0,0,0,0,0,2,0,5,4,2,2,23," 968,215 "
may-16,7,1,0,0,0,0,0,3,0,6,3,2,2,23," 931,487 "
jun-16,7,1,0,0,0,1,0,3,0,6,3,2,1,23," 921,836 "
jul-16,7,1,0,0,0,1,0,3,0,6,2,1,1,23," 898,472 "
ago-16,7,1,0,0,0,1,0,3,0,7,2,1,1,23," 873,817 "
sep-16,7,1,0,0,0,1,0,3,0,7,2,1,1,23," 922,310 "
oct-16,7,1,0,0,0,1,0,3,0,7,2,1,1,23," 881,238 "
nov-16,7,1,0,0,0,1,0,3,0,7,2,1,1,23," 845,591 "
dic-16,8,1,0,0,0,1,0,3,0,7,2,1,1,23," 658,270 "
ene-17,7,0,0,0,0,0,0,1,0,0,5,8,0,21," 948,845 "
feb-17,7,0,0,0,0,0,0,2,0,0,4,3,5,21," 1,003,400 "
mar-17,7,0,0,0,0,0,0,2,0,4,4,2,2,21," 989,697 "
abr-17,7,0,0,0,0,0,0,2,0,5,3,2,2,21," 924,190 "
may-17,7,0,0,0,0,0,0,3,0,5,3,2,2,21," 898,351 "
jun-17,7,0,0,0,0,0,0,3,0,6,2,2,1,21," 906,966 "
jul-17,7,0,0,0,0,0,0,3,0,6,2,1,1,21," 877,002 "
ago-17,7,0,0,0,0,1,0,3,0,6,2,1,1,21," 872,356 "
sep-17,7,1,0,0,0,1,0,3,0,6,2,1,1,21," 921,489 "
oct-17,7,1,0,0,0,1,0,3,0,6,2,1,1,21," 862,065 "
nov-17,7,1,0,0,0,1,0,3,0,6,2,1,1,21," 810,422 "
dic-17,7,1,0,0,0,1,0,3,0,6,1,1,1,21," 636,689 "
ene-18,6,0,0,0,0,0,0,1,0,0,4,8,0,19," 886,017 "
feb-18,7,0,0,0,0,0,0,2,0,0,4,2,5,19," 947,705 "
mar-18,7,0,0,0,0,0,0,2,0,4,3,2,1,19," 933,053 "
abr-18,7,0,0,0,0,0,0,2,0,4,3,2,1,19," 872,256 "
may-18,7,0,0,0,0,0,0,2,0,4,2,1,1,19," 849,696 "
jun-18,7,0,0,0,0,0,0,2,0,5,2,1,1,19," 842,833 "
jul-18,7,0,0,0,0,0,0,3,0,5,2,1,1,19," 814,293 "
ago-18,7,0,0,0,0,1,0,3,0,5,2,1,1,19," 810,295 "
sep-18,7,0,0,0,0,1,0,3,0,5,2,1,1,19," 864,826 "
oct-18,7,1,0,0,0,1,0,3,0,5,2,1,1,19," 836,297 "
nov-18,7,1,0,0,0,1,0,3,0,5,2,1,1,19," 786,354 "
dic-18,7,1,0,0,0,1,0,2,0,5,1,1,1,19," 629,258 "
ene-19,6,0,0,0,0,0,0,1,0,0,3,8,0,18," 911,686 "
feb-19,6,0,0,0,0,0,0,1,0,0,3,2,5,18," 993,288 "
mar-19,6,0,0,0,0,0,0,2,0,4,3,2,1,18," 966,317 "
abr-19,6,0,0,0,0,0,0,2,0,4,2,2,1,18," 900,986 "
may-19,6,0,0,0,0,0,0,2,0,5,2,1,1,18," 841,447 "
jun-19,6,0,0,0,0,0,0,2,0,5,2,1,1,18," 823,937 "
jul-19,6,0,0,0,0,1,0,2,0,5,2,1,1,18," 804,647 "
ago-19,6,0,0,0,0,1,0,2,0,5,2,1,1,18," 796,597 "
sep-19,6,0,0,0,0,1,0,2,0,5,2,1,1,18," 817,722 "
oct-19,6,0,0,0,0,1,0,2,0,5,2,1,1,18," 833,598 "
nov-19,6,0,0,0,0,1,0,2,0,5,1,1,1,18," 752,814 "
dic-19,6,1,0,0,0,1,0,2,0,5,1,1,1,18," 582,929 "
ene-20,5,0,0,0,0,0,0,1,0,0,3,7,0,16," 852,985 "
feb-20,6,0,0,0,0,0,0,1,0,0,3,2,4,16," 914,598 "
mar-20,5,0,0,0,0,0,0,2,0,3,3,2,1,16," 928,451 "
abr-20,4,0,0,0,0,0,0,2,0,4,2,2,1,16," 1,171,843 "
may-20,4,0,0,0,0,0,0,3,0,4,2,1,1,16," 1,048,243 "
jun-20,5,0,0,0,0,0,0,3,0,4,2,1,1,16," 926,944 "
jul-20,5,0,0,0,0,0,0,3,0,4,1,1,1,16," 843,538 "
ago-20,5,0,0,0,0,0,0,3,0,4,1,1,1,16," 742,261 "
sep-20,5,0,0,0,0,0,0,3,0,5,1,1,1,16," 722,585 "
oct-20,5,0,0,0,0,0,0,3,0,5,1,1,1,16," 710,513 "
nov-20,5,0,0,0,0,1,0,3,0,5,1,1,1,16," 621,665 "
dic-20,5,1,0,0,0,1,0,3,0,4,1,1,1,16," 506,939 "
Vencidos 2,,,,,,,,,,,,,,,
ene-16,2,0,0,0,0,0,0,1,0,0,1,4,7,16," 502,391 "
feb-16,2,0,0,0,0,0,0,1,0,5,1,3,2,16," 613,214 "
mar-16,2,1,0,0,0,0,0,1,0,6,1,3,1,16," 680,105 "
abr-16,3,1,0,0,0,0,0,1,0,6,1,2,1,16," 635,967 "
may-16,3,1,0,0,0,0,0,2,0,6,1,2,1,16," 593,780 "
jun-16,3,1,0,0,0,1,0,2,0,6,1,1,1,16," 566,646 "
jul-16,3,2,0,0,0,1,0,2,0,6,1,1,1,16," 555,272 "
ago-16,3,2,0,0,0,1,0,2,0,6,1,1,1,16," 549,703 "
sep-16,3,2,0,0,0,1,0,2,0,5,1,1,1,16," 545,537 "
oct-16,3,2,0,0,0,1,0,2,0,5,1,1,1,16," 552,117 "
nov-16,3,3,0,0,0,1,0,2,0,5,1,1,1,16," 526,044 "
dic-16,3,3,0,0,0,1,0,2,0,5,1,1,1,16," 427,508 "
ene-17,2,0,0,0,0,0,0,1,0,0,1,3,7,14," 472,068 "
feb-17,2,0,0,0,0,0,0,1,0,5,1,2,2,14," 580,447 "
mar-17,2,0,0,0,0,0,0,1,0,5,1,2,1,14," 624,269 "
abr-17,3,0,0,0,0,0,0,1,0,6,1,2,1,14," 594,872 "
may-17,3,0,0,0,0,0,0,2,0,5,1,1,1,14," 550,173 "
jun-17,3,1,0,0,0,0,0,2,0,5,1,1,1,14," 544,374 "
jul-17,3,1,0,0,0,0,0,2,0,5,1,1,1,14," 537,270 "
ago-17,3,1,0,0,0,1,0,2,0,5,1,1,1,14," 532,534 "
sep-17,3,1,0,0,0,1,0,2,0,5,1,1,1,14," 540,280 "
oct-17,3,1,0,0,0,1,0,2,0,5,1,1,1,14," 557,354 "
nov-17,3,1,0,0,0,1,0,2,0,5,1,1,1,14," 530,193 "
dic-17,3,2,0,0,0,1,0,2,0,5,1,1,1,14," 416,325 "
ene-18,2,0,0,0,0,0,0,1,0,0,1,3,6,12," 442,703 "
feb-18,2,0,0,0,0,0,0,1,0,4,1,2,2,12," 520,848 "
mar-18,2,0,0,0,0,0,0,1,0,5,1,2,1,12," 581,952 "
abr-18,3,0,0,0,0,0,0,1,0,5,1,1,1,12," 558,883 "
may-18,3,1,0,0,0,0,0,1,0,5,1,1,1,12," 516,191 "
jun-18,3,1,0,0,0,0,0,2,0,4,1,1,1,12," 508,311 "
jul-18,3,1,0,0,0,0,0,2,0,4,1,1,1,12," 486,649 "
ago-18,3,1,0,0,0,1,0,2,0,4,1,1,1,12," 475,113 "
sep-18,3,1,0,0,0,1,0,1,0,4,1,1,1,12," 482,857 "
oct-18,3,1,0,0,0,1,0,1,0,4,1,1,1,12," 513,514 "
nov-18,3,1,0,0,0,1,0,1,0,4,1,1,1,12," 480,810 "
dic-18,3,1,0,0,0,1,0,1,0,4,1,0,0,12," 386,630 "
ene-19,2,0,0,0,0,0,0,0,0,0,1,2,6,11," 444,215 "
feb-19,2,0,0,0,0,0,0,1,0,4,1,2,2,11," 533,691 "
mar-19,2,0,0,0,0,0,0,1,0,5,1,1,1,11," 615,127 "
abr-19,2,0,0,0,0,0,0,1,0,5,1,1,1,11," 583,848 "
may-19,2,0,0,0,0,0,0,1,0,5,1,1,1,11," 518,119 "
jun-19,2,0,0,0,0,0,0,1,0,5,1,1,1,11," 488,706 "
jul-19,2,0,0,0,0,1,0,1,0,4,1,1,1,11," 476,006 "
ago-19,2,1,0,0,0,1,0,1,0,4,1,1,0,11," 471,491 "
sep-19,2,1,0,0,0,1,0,1,0,4,1,1,0,11," 474,793 "
oct-19,2,1,0,0,0,1,0,1,0,4,1,1,0,11," 484,766 "
nov-19,2,1,0,0,0,1,0,1,0,4,1,0,0,11," 472,484 "
dic-19,3,1,0,0,0,1,0,1,0,4,0,0,0,11," 365,089 "
ene-20,1,0,0,0,0,0,0,0,0,0,1,2,5,10," 407,878 "
feb-20,2,0,0,0,0,0,0,1,0,4,1,2,1,10," 487,063 "
mar-20,2,0,0,0,0,0,0,1,0,4,1,1,1,10," 550,662 "
abr-20,1,0,0,0,0,0,0,1,0,5,1,1,1,10," 643,620 "
may-20,1,0,0,0,0,0,0,1,0,5,1,1,1,10," 723,142 "
jun-20,2,0,0,0,0,0,0,2,0,4,1,1,1,10," 658,924 "
jul-20,2,0,0,0,0,0,0,2,0,4,1,1,0,10," 590,849 "
ago-20,2,1,0,0,0,0,0,2,0,4,0,1,0,10," 528,389 "
sep-20,2,1,0,0,0,0,0,2,0,4,0,0,0,10," 462,059 "
oct-20,2,1,0,0,0,0,0,2,0,4,0,0,0,10," 427,337 "
nov-20,2,1,0,0,0,0,0,2,0,4,0,0,0,10," 390,916 "
dic-20,2,1,0,0,0,0,0,2,0,4,0,0,0,10," 310,004 "
Vencidos 3,,,,,,,,,,,,,,,
ene-16,1,0,0,0,0,0,0,0,0,7,0,1,5,15," 443,582 "
feb-16,1,1,0,0,0,0,0,1,0,7,0,1,4,15," 432,896 "
mar-16,1,1,0,0,0,0,0,1,0,7,1,1,3,15," 509,082 "
abr-16,1,1,0,0,0,0,0,1,0,6,1,1,3,15," 545,122 "
may-16,1,2,0,0,0,1,0,1,0,6,1,1,2,15," 503,806 "
jun-16,2,2,0,0,0,1,0,1,0,6,1,0,2,15," 460,024 "
jul-16,2,3,0,0,0,1,0,1,0,6,0,0,1,15," 441,713 "
ago-16,2,3,0,0,0,1,0,1,0,5,0,0,1,15," 430,152 "
sep-16,2,4,0,0,0,1,0,1,0,5,1,0,1,15," 428,910 "
oct-16,2,4,0,0,0,1,0,1,0,5,1,0,1,15," 418,969 "
nov-16,2,5,0,0,0,1,0,1,0,5,0,0,0,15," 415,681 "
dic-16,2,5,0,0,0,1,0,1,0,4,0,0,0,15," 363,339 "
ene-17,1,0,0,0,0,0,0,0,0,6,0,1,4,12," 393,054 "
feb-17,1,0,0,0,0,0,0,1,0,6,0,1,3,12," 386,859 "
mar-17,1,0,0,0,0,0,0,1,0,6,1,1,2,12," 456,856 "
abr-17,1,1,0,0,0,0,0,1,0,6,0,1,2,12," 491,450 "
may-17,1,1,0,0,0,0,0,1,0,6,0,0,2,12," 463,628 "
jun-17,1,1,0,0,0,0,0,1,0,6,0,0,1,12," 437,050 "
jul-17,2,1,0,0,0,0,0,1,0,5,0,0,1,12," 429,682 "
ago-17,2,2,0,0,0,1,0,1,0,5,0,0,1,12," 418,448 "
sep-17,2,2,0,0,0,1,0,1,0,5,0,0,1,12," 422,719 "
oct-17,2,2,0,0,0,1,0,1,0,5,0,0,1,12," 427,108 "
nov-17,2,2,0,0,0,1,0,1,0,5,0,0,0,12," 434,887 "
dic-17,2,3,0,0,0,1,0,1,0,4,0,0,0,12," 368,308 "
ene-18,1,0,0,0,0,0,0,0,0,6,0,1,3,11," 374,104 "
feb-18,1,0,0,0,0,0,0,1,0,6,0,1,2,11," 359,432 "
mar-18,1,1,0,0,0,0,0,1,0,5,0,1,2,11," 407,931 "
abr-18,1,1,0,0,0,0,0,1,0,5,0,1,2,11," 450,994 "
may-18,2,1,0,0,0,0,0,1,0,5,0,0,1,11," 427,387 "
jun-18,2,1,0,0,0,0,0,1,0,5,0,0,1,11," 397,760 "
jul-18,2,1,0,0,0,0,0,1,0,5,0,0,1,11," 386,228 "
ago-18,2,2,0,0,0,1,0,1,0,4,0,0,1,11," 370,292 "
sep-18,2,2,0,0,0,1,0,1,0,4,1,0,1,11," 365,405 "
oct-18,2,2,0,0,0,1,0,1,0,4,0,0,0,11," 372,230 "
nov-18,2,2,0,0,0,1,0,1,0,4,0,0,0,11," 380,465 "
dic-18,2,3,0,0,0,1,0,1,0,4,0,0,0,11," 321,673 "
ene-19,1,0,0,0,0,0,0,0,0,6,0,0,3,10,361680
feb-19,1,0,0,0,0,0,0,1,0,6,0,0,2,10,355592
mar-19,1,0,0,0,0,0,0,1,0,6,0,0,1,10,413746
abr-19,1,1,0,0,0,0,0,1,0,5,0,0,1,10,473625
may-19,1,1,0,0,0,0,0,1,0,5,0,0,1,10,434595
jun-19,1,1,0,0,0,0,0,1,0,5,0,0,1,10,394427
jul-19,1,1,0,0,0,1,0,1,0,5,0,0,1,10,374821
ago-19,1,1,0,0,0,1,0,1,0,5,0,0,1,10,361328
sep-19,1,1,0,0,0,1,0,1,0,4,0,0,0,10,363525
oct-19,1,1,0,0,0,1,0,1,0,4,0,0,0,10,366513
nov-19,1,2,0,0,0,1,0,1,0,4,0,0,0,10,361060
dic-19,2,2,0,0,0,1,0,1,0,4,0,0,0,10,322922
ene-20,0,0,0,0,0,0,0,0,0,5,0,0,2,9,350779
feb-20,1,0,0,0,0,0,0,1,0,5,0,0,2,9,332162
mar-20,1,0,0,0,0,0,0,1,0,5,0,0,1,9,387343
abr-20,1,0,0,0,0,0,0,1,0,5,0,0,1,9,472837
may-20,1,1,0,0,0,0,0,1,0,5,0,0,1,9,504151
jun-20,1,1,0,0,0,0,0,1,0,5,0,0,1,9,443593
jul-20,1,1,0,0,0,0,0,1,0,4,0,0,1,9,431302
ago-20,1,1,0,0,0,0,0,1,0,4,0,0,0,9,449088
sep-20,1,1,0,0,0,0,0,1,0,4,0,0,0,9,422525
oct-20,1,1,0,0,0,0,0,1,0,4,0,0,0,9,361525
nov-20,1,2,0,0,0,0,0,1,0,4,0,0,0,9,322862
dic-20,1,2,0,0,0,0,0,1,0,3,0,0,0,9,276396
,,,,,,,,,,,,,,,
,,,,,,,,,,,,,,,
,,,,,,,,,,,,,,,
,,,,,,,,,,,,,,,
,,,,,,,,,,,,,,,
,,,,,,,,,,,,,,,
,,,,,,,,,,,,,,,
